{
    "Atelectasis": 0.2502630054950714,
    "Consolidation": 0.32066094875335693,
    "Infiltration": 0.14534279704093933,
    "Pneumothorax": 0.6348896026611328,
    "Edema": 0.3161502480506897,
    "Emphysema": 0.09372254461050034,
    "Fibrosis": 0.17004379630088806,
    "Effusion": 0.3412913382053375,
    "Pneumonia": 0.22191362082958221,
    "Pleural_Thickening": 0.19186446070671082,
    "Cardiomegaly": 0.271269291639328,
    "Nodule": 0.5961665511131287,
    "Mass": 0.3457356095314026,
    "Hernia": 0.016710422933101654,
    "Lung Lesion": 0.1403193324804306,
    "Fracture": 0.062295831739902496,
    "Lung Opacity": 0.1240624412894249,
    "Enlarged Cardiomediastinum": 0.16708530485630035
}